<?xml version="1.0" encoding="UTF-8"?>
<project-private xmlns="http://www.netbeans.org/ns/project-private/1">
    <editor-bookmarks xmlns="http://www.netbeans.org/ns/editor-bookmarks/2" lastBookmarkId="0"/>
    <open-files xmlns="http://www.netbeans.org/ns/projectui-open-files/2">
        <group name="ZOP-OOP2">
            <file>file:/C:/Users/Al/Documents/NetBeansProjects/WalkC/src/walkc/LoginController.java</file>
            <file>file:/C:/Users/Al/Documents/NetBeansProjects/WalkC/src/walkc/Patient.java</file>
            <file>file:/C:/Users/Al/Documents/NetBeansProjects/WalkC/src/walkc/SearchController.java</file>
            <file>file:/C:/Users/Al/Documents/NetBeansProjects/WalkC/src/walkc/AddNew.fxml</file>
            <file>file:/C:/Users/Al/Documents/NetBeansProjects/WalkC/src/walkc/AddNewController.java</file>
            <file>file:/C:/Users/Al/Documents/NetBeansProjects/WalkC/src/walkc/WalkC.java</file>
            <file>file:/C:/Users/Al/Documents/NetBeansProjects/WalkC/src/walkc/MyFile.java</file>
            <file>file:/C:/Users/Al/Documents/NetBeansProjects/WalkC/src/walkc/LandingController.java</file>
            <file>file:/C:/Users/Al/Documents/NetBeansProjects/WalkC/src/walkc/NewController.java</file>
        </group>
    </open-files>
</project-private>
